signal_id;source;source_row;business_key;signal_type;severity;field;raw_value;normalized_value;description;recommended_action
DQ-PROBE-13;STACJE;13;0417|2026-08-24|PB95;AWARYJNY_BRAK_ODCZYTU_SONDY;OSTRZEŻENIE;Stan konc. [l];n/d;BRAK DANYCH;Wartość 'n/d' w stanie końcowym zbiornika (potencjalna awaria sondy pomiarowej ATG);Zgłoszenie do serwisu automatyki stacyjnej i weryfikacja ręcznego pomiaru łatą.
DQ-ST-FMT-14;STACJE;14;0417|2026-08-24|PB98;NIESTANDARDOWY_KOD_STACJI;INFORMACYJNY;Kod stacji;417;0417;Brak zera wiodącego w kodzie stacji '417' -> uzupełniono do '0417';Dostosować generowanie raportu po stronie systemu POS stacji.
DQ-DT-FMT-15;STACJE;15;0417|2026-08-24|ON;NIESTANDARDOWY_FORMAT_DATY;INFORMACYJNY;Data;24.08.2026;2026-08-24;Format daty DD.MM.YYYY ('24.08.2026') zamiast ISO YYYY-MM-DD;Ujednolicić format daty w eksporcie POS.
DQ-ST-FMT-31;STACJE;31;0523|2026-08-26|PB95;NIESTANDARDOWY_KOD_STACJI;INFORMACYJNY;Kod stacji;523;0523;Brak zera wiodącego w kodzie stacji '523' -> uzupełniono do '0523';Dostosować generowanie raportu po stronie systemu POS stacji.
DQ-DT-FMT-38;STACJE;38;0688|2026-08-25|PB95;NIESTANDARDOWY_FORMAT_DATY;INFORMACYJNY;Data;25.08.2026;2026-08-25;Format daty DD.MM.YYYY ('25.08.2026') zamiast ISO YYYY-MM-DD;Ujednolicić format daty w eksporcie POS.
DQ-ST-FMT-48;STACJE;48;0701|2026-08-24|ON;NIESTANDARDOWY_KOD_STACJI;INFORMACYJNY;Kod stacji;701;0701;Brak zera wiodącego w kodzie stacji '701' -> uzupełniono do '0701';Dostosować generowanie raportu po stronie systemu POS stacji.
DQ-PROBE-50;STACJE;50;0701|2026-08-25|PB95;AWARYJNY_BRAK_ODCZYTU_SONDY;OSTRZEŻENIE;Stan konc. [l];n/d;BRAK DANYCH;Wartość 'n/d' w stanie końcowym zbiornika (potencjalna awaria sondy pomiarowej ATG);Zgłoszenie do serwisu automatyki stacyjnej i weryfikacja ręcznego pomiaru łatą.
DQ-DT-FMT-61;STACJE;61;0745|2026-08-24|LPG;NIESTANDARDOWY_FORMAT_DATY;INFORMACYJNY;Data;24.08.2026;2026-08-24;Format daty DD.MM.YYYY ('24.08.2026') zamiast ISO YYYY-MM-DD;Ujednolicić format daty w eksporcie POS.
DQ-ST-FMT-65;STACJE;65;0745|2026-08-25|LPG;NIESTANDARDOWY_KOD_STACJI;INFORMACYJNY;Kod stacji;745;0745;Brak zera wiodącego w kodzie stacji '745' -> uzupełniono do '0745';Dostosować generowanie raportu po stronie systemu POS stacji.
DQ-DT-FMT-84;STACJE;84;1133|2026-08-24|ON;NIESTANDARDOWY_FORMAT_DATY;INFORMACYJNY;Data;24.08.2026;2026-08-24;Format daty DD.MM.YYYY ('24.08.2026') zamiast ISO YYYY-MM-DD;Ujednolicić format daty w eksporcie POS.
DQ-PROBE-87;STACJE;87;1133|2026-08-25|ON;AWARYJNY_BRAK_ODCZYTU_SONDY;OSTRZEŻENIE;Stan konc. [l];n/d;BRAK DANYCH;Wartość 'n/d' w stanie końcowym zbiornika (potencjalna awaria sondy pomiarowej ATG);Zgłoszenie do serwisu automatyki stacyjnej i weryfikacja ręcznego pomiaru łatą.
DQ-DT-FMT-107;STACJE;107;1377|2026-08-25|PB95;NIESTANDARDOWY_FORMAT_DATY;INFORMACYJNY;Data;25.08.2026;2026-08-25;Format daty DD.MM.YYYY ('25.08.2026') zamiast ISO YYYY-MM-DD;Ujednolicić format daty w eksporcie POS.
DQ-PROBE-124;STACJE;124;1402|2026-08-26|PB98;AWARYJNY_BRAK_ODCZYTU_SONDY;OSTRZEŻENIE;Stan konc. [l];n/d;BRAK DANYCH;Wartość 'n/d' w stanie końcowym zbiornika (potencjalna awaria sondy pomiarowej ATG);Zgłoszenie do serwisu automatyki stacyjnej i weryfikacja ręcznego pomiaru łatą.
DQ-DT-FMT-130;STACJE;130;1519|2026-08-24|LPG;NIESTANDARDOWY_FORMAT_DATY;INFORMACYJNY;Data;24.08.2026;2026-08-24;Format daty DD.MM.YYYY ('24.08.2026') zamiast ISO YYYY-MM-DD;Ujednolicić format daty w eksporcie POS.
DQ-NEG-VAL-140;STACJE;140;0745|2026-08-25|ON;UJEMNA_SPRZEDAZ;KRYTYCZNY;Sprzedaż [l];-312,40;-312.4;Ujemna sprzedaż (-312.4 l). Może oznaczać błędną storno-korektę lub błąd oprogramowania dystrybutora.;Wyjaśnienie z kierownikiem stacji i działem rozliczeń sprzedaży.
DQ-ST-DUP-139;STACJE;139;0412|2026-08-25|PB98;DUPLIKAT_WIERSZA_STACJI;OSTRZEŻENIE;Wiersz raportu;{'Kod stacji': '0412', 'Data': '2026-08-25', 'Produkt': 'PB98', 'Sprzedaż [l]': '7938,51', 'Stan pocz. [l]': '14371,4', 'Stan konc. [l]': '16438,6', 'Przyjęto dostawę [l]': '10000,0'};Zignorowano w uzgodnieniu (deduplikacja);Identyczny powtórzony wiersz w raporcie dobowym stacji (wiersz 139 jest duplikatem wiersza 6).;Usunięcie redundancji w module generowania/przesyłania plików z POS.
DQ-ST-CONF-64;STACJE;64;0745|2026-08-25|ON;KONFLIKT_WIERSZY_KLUCZA;KRYTYCZNY;Wiersz raportu;{'Kod stacji': '0745', 'Data': '2026-08-25', 'Produkt': 'ON', 'Sprzedaż [l]': '7323,68', 'Stan pocz. [l]': '27431,0', 'Stan konc. [l]': '32089,5', 'Przyjęto dostawę [l]': '12000,0'};Wymaga wyjaśnienia;Wielokrotny wiersz o różnych wartościach dla tej samej stacji, daty i produktu.;Pilna weryfikacja logów stacji przez wsparcie IT POS.
DQ-ST-CONF-140;STACJE;140;0745|2026-08-25|ON;KONFLIKT_WIERSZY_KLUCZA;KRYTYCZNY;Wiersz raportu;{'Kod stacji': '0745', 'Data': '2026-08-25', 'Produkt': 'ON', 'Sprzedaż [l]': '-312,40', 'Stan pocz. [l]': '0', 'Stan konc. [l]': '0', 'Przyjęto dostawę [l]': '0'};Wymaga wyjaśnienia;Wielokrotny wiersz o różnych wartościach dla tej samej stacji, daty i produktu.;Pilna weryfikacja logów stacji przez wsparcie IT POS.
DQ-SAP-STO-9;SAP;9;0412|2026-08-26|PB98;DOKUMENT_STATUS_STO;OSTRZEŻENIE;Status;Dokument 4500011249, Status=STO;Nieaktywna dostawa (STO);Dokument dostawy w SAP posiada status STO (storno / anulowanie). Nie stanowi aktywnej dostawy.;Weryfikacja w SAP przyczyny anulowania dokumentu dostawy.
DQ-SAP-DUPDOC-35;SAP;35;DOC-4500011399;ZDUPLIKOWANY_NUMER_DOKUMENTU_SAP;KRYTYCZNY;Nr dokumentu;Dokument 4500011399 w Zakładzie ST1210 dla materiału Benzyna bezołowiowa 98 (24000 l);Anomalia SAP;Ten sam numer dokumentu (4500011399) został przypisany do różnych zakładów lub materiałów w SAP!;Pilne zgłoszenie do zespołu wsparcia SAP FI/MM (naruszenie unikalności numeracji dokumentów dostaw).
DQ-SAP-DUPDOC-49;SAP;49;DOC-4500011399;ZDUPLIKOWANY_NUMER_DOKUMENTU_SAP;KRYTYCZNY;Nr dokumentu;Dokument 4500011399 w Zakładzie ST1402 dla materiału Olej napędowy (18000 l);Anomalia SAP;Ten sam numer dokumentu (4500011399) został przypisany do różnych zakładów lub materiałów w SAP!;Pilne zgłoszenie do zespołu wsparcia SAP FI/MM (naruszenie unikalności numeracji dokumentów dostaw).
